{
  "rows": [
    {
      "model": "gemma-27b",
      "form": "r1",
      "run": 1,
      "n": 1121,
      "verdict_acc": 0.8465655664585192,
      "verdict_p": 0.5462184873949579,
      "verdict_r": 0.6701030927835051,
      "verdict_f1": 0.6018518518518517,
      "pair_p": 0.33765298776097913,
      "pair_r": 0.2957124842370744,
      "pair_f1": 0.31529411764705884,
      "naming_recall": 0.2957124842370744,
      "pos_given_named": 0.13219616204690832,
      "dist_exact_given_named": 0.3347547974413646,
      "dist_w1_given_named": 0.6375266524520256,
      "dist_mae": 1.6780383795309168,
      "parse_ok_rate": 1.0,
      "val_flags": {
        "form_at_index_mismatch": 1241,
        "index_out_of_bounds": 10
      },
      "cost_usd": 0.1171
    },
    {
      "model": "gemma-27b",
      "form": "r1",
      "run": 2,
      "n": 1121,
      "verdict_acc": 0.8447814451382694,
      "verdict_p": 0.5416666666666666,
      "verdict_r": 0.6701030927835051,
      "verdict_f1": 0.5990783410138248,
      "pair_p": 0.32421052631578945,
      "pair_r": 0.29129886506935687,
      "pair_f1": 0.30687479242776483,
      "naming_recall": 0.29129886506935687,
      "pos_given_named": 0.13203463203463203,
      "dist_exact_given_named": 0.3203463203463203,
      "dist_w1_given_named": 0.6363636363636364,
      "dist_mae": 1.7034632034632036,
      "parse_ok_rate": 1.0,
      "val_flags": {
        "form_at_index_mismatch": 1274,
        "index_out_of_bounds": 8
      },
      "cost_usd": 0.1174
    },
    {
      "model": "gemma-27b",
      "form": "r1",
      "run": 3,
      "n": 1121,
      "verdict_acc": 0.8510258697591436,
      "verdict_p": 0.5555555555555556,
      "verdict_r": 0.6958762886597938,
      "verdict_f1": 0.6178489702517163,
      "pair_p": 0.3280689160086145,
      "pair_r": 0.28814627994955866,
      "pair_f1": 0.30681436723732797,
      "naming_recall": 0.28814627994955866,
      "pos_given_named": 0.1422319474835886,
      "dist_exact_given_named": 0.3172866520787746,
      "dist_w1_given_named": 0.6148796498905909,
      "dist_mae": 1.8096280087527352,
      "parse_ok_rate": 1.0,
      "val_flags": {
        "form_at_index_mismatch": 1247,
        "index_out_of_bounds": 7
      },
      "cost_usd": 0.1171
    },
    {
      "model": "gemma-27b",
      "form": "r2",
      "run": 1,
      "n": 1121,
      "verdict_acc": 0.8858162355040142,
      "verdict_p": 0.6213235294117647,
      "verdict_r": 0.8711340206185567,
      "verdict_f1": 0.7253218884120171,
      "pair_p": 0.3540983606557377,
      "pair_r": 0.34047919293820933,
      "pair_f1": 0.34715525554484084,
      "naming_recall": 0.34047919293820933,
      "pos_given_named": 0.9648148148148148,
      "dist_exact_given_named": 0.9333333333333333,
      "dist_w1_given_named": 0.9629629629629629,
      "dist_mae": 0.37592592592592594,
      "parse_ok_rate": 1.0,
      "val_flags": {
        "form_at_index_mismatch": 597,
        "nonint_index": 3,
        "index_out_of_bounds": 6
      },
      "cost_usd": 0.2215
    },
    {
      "model": "gemma-27b",
      "form": "r2",
      "run": 2,
      "n": 1121,
      "verdict_acc": 0.8974130240856378,
      "verdict_p": 0.6436363636363637,
      "verdict_r": 0.9123711340206185,
      "verdict_f1": 0.7547974413646056,
      "pair_p": 0.35170603674540685,
      "pair_r": 0.3379571248423707,
      "pair_f1": 0.3446945337620579,
      "naming_recall": 0.3379571248423707,
      "pos_given_named": 0.9477611940298507,
      "dist_exact_given_named": 0.9365671641791045,
      "dist_w1_given_named": 0.9626865671641791,
      "dist_mae": 0.23694029850746268,
      "parse_ok_rate": 1.0,
      "val_flags": {
        "form_at_index_mismatch": 561,
        "nonint_index": 1
      },
      "cost_usd": 0.2211
    },
    {
      "model": "gemma-27b",
      "form": "r2",
      "run": 3,
      "n": 1121,
      "verdict_acc": 0.8893844781445138,
      "verdict_p": 0.6286764705882353,
      "verdict_r": 0.8814432989690721,
      "verdict_f1": 0.7339055793991416,
      "pair_p": 0.3467202141900937,
      "pair_r": 0.3266078184110971,
      "pair_f1": 0.33636363636363636,
      "naming_recall": 0.3266078184110971,
      "pos_given_named": 0.9691119691119691,
      "dist_exact_given_named": 0.9324324324324325,
      "dist_w1_given_named": 0.9613899613899614,
      "dist_mae": 0.25675675675675674,
      "parse_ok_rate": 0.9991079393398751,
      "val_flags": {
        "nonint_index": 3,
        "form_at_index_mismatch": 607,
        "index_out_of_bounds": 5,
        "parse_malformed": 1,
        "no_pairs_field": 1
      },
      "cost_usd": 0.2211
    },
    {
      "model": "gemma-27b",
      "form": "r3",
      "run": 1,
      "n": 1121,
      "verdict_acc": 0.8314005352363961,
      "verdict_p": 0.5074183976261127,
      "verdict_r": 0.8814432989690721,
      "verdict_f1": 0.6440677966101693,
      "pair_p": 0.5027187345526446,
      "pair_r": 0.6412358133669609,
      "pair_f1": 0.5635910224438903,
      "naming_recall": 0.6412358133669609,
      "pos_given_named": 0.9301868239921337,
      "dist_exact_given_named": 0.9419862340216323,
      "dist_w1_given_named": 0.9862340216322517,
      "dist_mae": 0.13176007866273354,
      "parse_ok_rate": 0.9991079393398751,
      "val_flags": {
        "form_at_index_mismatch": 282,
        "parse_malformed": 1,
        "no_pairs_field": 1,
        "index_out_of_bounds": 10,
        "nonint_index": 3
      },
      "cost_usd": 0.2691
    },
    {
      "model": "gemma-27b",
      "form": "r3",
      "run": 2,
      "n": 1121,
      "verdict_acc": 0.8242640499553969,
      "verdict_p": 0.49557522123893805,
      "verdict_r": 0.865979381443299,
      "verdict_f1": 0.6303939962476548,
      "pair_p": 0.4934049829018075,
      "pair_r": 0.6368221941992434,
      "pair_f1": 0.5560143132397467,
      "naming_recall": 0.6368221941992434,
      "pos_given_named": 0.9336633663366337,
      "dist_exact_given_named": 0.9376237623762376,
      "dist_w1_given_named": 0.9821782178217822,
      "dist_mae": 0.2376237623762376,
      "parse_ok_rate": 1.0,
      "val_flags": {
        "form_at_index_mismatch": 284,
        "index_out_of_bounds": 15,
        "nonint_index": 2
      },
      "cost_usd": 0.2689
    },
    {
      "model": "gemma-27b",
      "form": "r3",
      "run": 3,
      "n": 1121,
      "verdict_acc": 0.8251561106155219,
      "verdict_p": 0.49707602339181284,
      "verdict_r": 0.8762886597938144,
      "verdict_f1": 0.6343283582089553,
      "pair_p": 0.50048828125,
      "pair_r": 0.6462799495586381,
      "pair_f1": 0.5641166758392955,
      "naming_recall": 0.6462799495586381,
      "pos_given_named": 0.9336585365853659,
      "dist_exact_given_named": 0.9385365853658536,
      "dist_w1_given_named": 0.9795121951219512,
      "dist_mae": 0.2653658536585366,
      "parse_ok_rate": 0.9991079393398751,
      "val_flags": {
        "form_at_index_mismatch": 279,
        "parse_malformed": 1,
        "no_pairs_field": 1,
        "index_out_of_bounds": 20,
        "nonint_index": 7
      },
      "cost_usd": 0.2696
    },
    {
      "model": "qwen-72b",
      "form": "r1",
      "run": 1,
      "n": 1121,
      "verdict_acc": 0.8046387154326494,
      "verdict_p": 0.46458923512747874,
      "verdict_r": 0.845360824742268,
      "verdict_f1": 0.5996343692870202,
      "pair_p": 0.32653061224489793,
      "pair_r": 0.2723833543505675,
      "pair_f1": 0.29700928154004813,
      "naming_recall": 0.2723833543505675,
      "pos_given_named": 0.1412037037037037,
      "dist_exact_given_named": 0.31712962962962965,
      "dist_w1_given_named": 0.5902777777777778,
      "dist_mae": 2.050925925925926,
      "parse_ok_rate": 1.0,
      "val_flags": {
        "index_out_of_bounds": 37,
        "form_at_index_mismatch": 1160
      },
      "cost_usd": 0.579
    },
    {
      "model": "qwen-72b",
      "form": "r1",
      "run": 2,
      "n": 1121,
      "verdict_acc": 0.7894736842105263,
      "verdict_p": 0.4419889502762431,