{
  "rows": [
    {
      "model": "gemma-27b",
      "form": "r1",
      "run": 1,
      "n": 1121,
      "verdict_acc": 0.8465655664585192,
      "verdict_p": 0.5462184873949579,
      "verdict_r": 0.6701030927835051,
      "verdict_f1": 0.6018518518518517,
      "pair_p": 0.3362131029517639,
      "pair_r": 0.2944514501891551,
      "pair_f1": 0.3139495798319327,
      "naming_recall": 0.2944514501891551,
      "pos_given_named": 0.13062098501070663,
      "dist_exact_given_named": 0.33190578158458245,
      "dist_w1_given_named": 0.6359743040685225,
      "dist_mae": 1.6852248394004283,
      "parse_ok_rate": 1.0,
      "val_flags": {
        "form_at_index_mismatch": 1241,
        "index_out_of_bounds": 10
      },
      "cost_usd": 0.1171
    },
    {
      "model": "gemma-27b",
      "form": "r1",
      "run": 2,
      "n": 1121,
      "verdict_acc": 0.8447814451382694,
      "verdict_p": 0.5416666666666666,
      "verdict_r": 0.6701030927835051,
      "verdict_f1": 0.5990783410138248,
      "pair_p": 0.3235087719298246,
      "pair_r": 0.2906683480453972,
      "pair_f1": 0.30621056127532387,
      "naming_recall": 0.2906683480453972,
      "pos_given_named": 0.13232104121475055,
      "dist_exact_given_named": 0.3188720173535792,
      "dist_w1_given_named": 0.6355748373101953,
      "dist_mae": 1.7071583514099784,
      "parse_ok_rate": 1.0,
      "val_flags": {
        "form_at_index_mismatch": 1274,
        "index_out_of_bounds": 8
      },
      "cost_usd": 0.1174
    },
    {
      "model": "gemma-27b",
      "form": "r1",
      "run": 3,
      "n": 1121,
      "verdict_acc": 0.8510258697591436,
      "verdict_p": 0.5555555555555556,
      "verdict_r": 0.6958762886597938,
      "verdict_f1": 0.6178489702517163,
      "pair_p": 0.3273510409188801,
      "pair_r": 0.287515762925599,
      "pair_f1": 0.3061430010070494,
      "naming_recall": 0.287515762925599,
      "pos_given_named": 0.1425438596491228,
      "dist_exact_given_named": 0.3157894736842105,
      "dist_w1_given_named": 0.6140350877192983,
      "dist_mae": 1.8135964912280702,
      "parse_ok_rate": 1.0,
      "val_flags": {
        "form_at_index_mismatch": 1247,
        "index_out_of_bounds": 7
      },
      "cost_usd": 0.1171
    },
    {
      "model": "gemma-27b",
      "form": "r2",
      "run": 1,
      "n": 1121,
      "verdict_acc": 0.8858162355040142,
      "verdict_p": 0.6213235294117647,
      "verdict_r": 0.8711340206185567,
      "verdict_f1": 0.7253218884120171,
      "pair_p": 0.3534426229508197,
      "pair_r": 0.33984867591424966,
      "pair_f1": 0.34651237544198005,
      "naming_recall": 0.33984867591424966,
      "pos_given_named": 0.9647495361781077,
      "dist_exact_given_named": 0.9332096474953617,
      "dist_w1_given_named": 0.9628942486085343,
      "dist_mae": 0.37662337662337664,
      "parse_ok_rate": 1.0,
      "val_flags": {
        "form_at_index_mismatch": 597,
        "nonint_index": 3,
        "index_out_of_bounds": 6
      },
      "cost_usd": 0.2215
    },
    {
      "model": "gemma-27b",
      "form": "r2",
      "run": 2,
      "n": 1121,
      "verdict_acc": 0.8974130240856378,
      "verdict_p": 0.6436363636363637,
      "verdict_r": 0.9123711340206185,
      "verdict_f1": 0.7547974413646056,
      "pair_p": 0.35170603674540685,
      "pair_r": 0.3379571248423707,
      "pair_f1": 0.3446945337620579,
      "naming_recall": 0.3379571248423707,
      "pos_given_named": 0.9458955223880597,
      "dist_exact_given_named": 0.9347014925373134,
      "dist_w1_given_named": 0.9626865671641791,
      "dist_mae": 0.23880597014925373,
      "parse_ok_rate": 1.0,
      "val_flags": {
        "form_at_index_mismatch": 561,
        "nonint_index": 1
      },
      "cost_usd": 0.2211
    },
    {
      "model": "gemma-27b",
      "form": "r2",
      "run": 3,
      "n": 1121,
      "verdict_acc": 0.8893844781445138,
      "verdict_p": 0.6286764705882353,
      "verdict_r": 0.8814432989690721,
      "verdict_f1": 0.7339055793991416,
      "pair_p": 0.3467202141900937,
      "pair_r": 0.3266078184110971,
      "pair_f1": 0.33636363636363636,
      "naming_recall": 0.3266078184110971,
      "pos_given_named": 0.9671814671814671,
      "dist_exact_given_named": 0.9305019305019305,
      "dist_w1_given_named": 0.9594594594594594,
      "dist_mae": 0.2702702702702703,
      "parse_ok_rate": 0.9991079393398751,
      "val_flags": {
        "nonint_index": 3,
        "form_at_index_mismatch": 607,
        "index_out_of_bounds": 5,
        "parse_malformed": 1,
        "no_pairs_field": 1
      },
      "cost_usd": 0.2211
    },
    {
      "model": "gemma-27b",
      "form": "r3",
      "run": 1,
      "n": 1121,
      "verdict_acc": 0.8314005352363961,
      "verdict_p": 0.5074183976261127,
      "verdict_r": 0.8814432989690721,
      "verdict_f1": 0.6440677966101693,
      "pair_p": 0.49975284231339595,
      "pair_r": 0.637452711223203,
      "pair_f1": 0.5602660016625104,
      "naming_recall": 0.637452711223203,
      "pos_given_named": 0.9307616221562809,
      "dist_exact_given_named": 0.9416419386745796,
      "dist_w1_given_named": 0.9861523244312562,
      "dist_mae": 0.13254203758654798,
      "parse_ok_rate": 0.9991079393398751,
      "val_flags": {
        "form_at_index_mismatch": 282,
        "parse_malformed": 1,
        "no_pairs_field": 1,
        "index_out_of_bounds": 10,
        "nonint_index": 3
      },
      "cost_usd": 0.2691
    },
    {
      "model": "gemma-27b",
      "form": "r3",
      "run": 2,
      "n": 1121,
      "verdict_acc": 0.8242640499553969,
      "verdict_p": 0.49557522123893805,
      "verdict_r": 0.865979381443299,
      "verdict_f1": 0.6303939962476548,
      "pair_p": 0.49193942354665365,
      "pair_r": 0.6349306431273645,
      "pair_f1": 0.5543627855766584,
      "naming_recall": 0.6349306431273645,
      "pos_given_named": 0.9344587884806356,
      "dist_exact_given_named": 0.9374379344587885,
      "dist_w1_given_named": 0.9821251241310824,
      "dist_mae": 0.23833167825223436,
      "parse_ok_rate": 1.0,
      "val_flags": {
        "form_at_index_mismatch": 284,
        "index_out_of_bounds": 15,
        "nonint_index": 2
      },
      "cost_usd": 0.2689
    },
    {
      "model": "gemma-27b",
      "form": "r3",
      "run": 3,
      "n": 1121,
      "verdict_acc": 0.8251561106155219,
      "verdict_p": 0.49707602339181284,
      "verdict_r": 0.8762886597938144,
      "verdict_f1": 0.6343283582089553,
      "pair_p": 0.49853515625,
      "pair_r": 0.6437578814627994,
      "pair_f1": 0.5619152449091909,
      "naming_recall": 0.6437578814627994,
      "pos_given_named": 0.9324191968658179,
      "dist_exact_given_named": 0.9363369245837414,
      "dist_w1_given_named": 0.9784524975514202,
      "dist_mae": 0.2752203721841332,
      "parse_ok_rate": 0.9991079393398751,
      "val_flags": {
        "form_at_index_mismatch": 279,
        "parse_malformed": 1,
        "no_pairs_field": 1,
        "index_out_of_bounds": 20,
        "nonint_index": 7
      },
      "cost_usd": 0.2696
    },
    {
      "model": "qwen-72b",
      "form": "r1",
      "run": 1,
      "n": 1121,
      "verdict_acc": 0.8046387154326494,
      "verdict_p": 0.46458923512747874,
      "verdict_r": 0.845360824742268,
      "verdict_f1": 0.5996343692870202,
      "pair_p": 0.3242630385487528,
      "pair_r": 0.27049180327868855,
      "pair_f1": 0.29494671708490894,
      "naming_recall": 0.27049180327868855,
      "pos_given_named": 0.14219114219114218,
      "dist_exact_given_named": 0.3146853146853147,
      "dist_w1_given_named": 0.585081585081585,
      "dist_mae": 2.0652680652680653,
      "parse_ok_rate": 1.0,
      "val_flags": {
        "index_out_of_bounds": 37,
        "form_at_index_mismatch": 1160
      },
      "cost_usd": 0.579
    },
    {
      "model": "qwen-72b",
      "form": "r1",
      "run": 2,
      "n": 1121,
      "verdict_acc": 0.7894736842105263,
      "verdict_p": 0.4419889502762431,