{
  "rows": [
    {
      "model": "gemma-27b",
      "form": "r1",
      "run": 1,
      "n": 1121,
      "verdict_acc": 0.8465655664585192,
      "verdict_p": 0.5462184873949579,
      "verdict_r": 0.6701030927835051,
      "verdict_f1": 0.6018518518518517,
      "pair_p": 0.33981281497480204,
      "pair_r": 0.2918985776128633,
      "pair_f1": 0.31403858948769126,
      "naming_recall": 0.2918985776128633,
      "pos_given_named": 0.13347457627118645,
      "dist_exact_given_named": 0.336864406779661,
      "dist_w1_given_named": 0.6398305084745762,
      "dist_mae": 1.6694915254237288,
      "parse_ok_rate": 1.0,
      "val_flags": {
        "form_at_index_mismatch": 1241,
        "index_out_of_bounds": 10
      },
      "cost_usd": 0.1171
    },
    {
      "model": "gemma-27b",
      "form": "r1",
      "run": 2,
      "n": 1121,
      "verdict_acc": 0.8447814451382694,
      "verdict_p": 0.5416666666666666,
      "verdict_r": 0.6701030927835051,
      "verdict_f1": 0.5990783410138248,
      "pair_p": 0.327719298245614,
      "pair_r": 0.2888064316635745,
      "pair_f1": 0.30703484549638393,
      "naming_recall": 0.2888064316635745,
      "pos_given_named": 0.13276231263383298,
      "dist_exact_given_named": 0.32119914346895073,
      "dist_w1_given_named": 0.6402569593147751,
      "dist_mae": 1.6916488222698072,
      "parse_ok_rate": 1.0,
      "val_flags": {
        "form_at_index_mismatch": 1274,
        "index_out_of_bounds": 8
      },
      "cost_usd": 0.1174
    },
    {
      "model": "gemma-27b",
      "form": "r1",
      "run": 3,
      "n": 1121,
      "verdict_acc": 0.8510258697591436,
      "verdict_p": 0.5555555555555556,
      "verdict_r": 0.6958762886597938,
      "verdict_f1": 0.6178489702517163,
      "pair_p": 0.33022254127781764,
      "pair_r": 0.2844774273345702,
      "pair_f1": 0.30564784053156147,
      "naming_recall": 0.2844774273345702,
      "pos_given_named": 0.14130434782608695,
      "dist_exact_given_named": 0.31956521739130433,
      "dist_w1_given_named": 0.6173913043478261,
      "dist_mae": 1.8,
      "parse_ok_rate": 1.0,
      "val_flags": {
        "form_at_index_mismatch": 1247,
        "index_out_of_bounds": 7
      },
      "cost_usd": 0.1171
    },
    {
      "model": "gemma-27b",
      "form": "r2",
      "run": 1,
      "n": 1121,
      "verdict_acc": 0.8858162355040142,
      "verdict_p": 0.6213235294117647,
      "verdict_r": 0.8711340206185567,
      "verdict_f1": 0.7253218884120171,
      "pair_p": 0.35540983606557375,
      "pair_r": 0.33518862090290663,
      "pair_f1": 0.3450031826861871,
      "naming_recall": 0.33518862090290663,
      "pos_given_named": 0.9649446494464945,
      "dist_exact_given_named": 0.933579335793358,
      "dist_w1_given_named": 0.9630996309963099,
      "dist_mae": 0.37453874538745385,
      "parse_ok_rate": 1.0,
      "val_flags": {
        "form_at_index_mismatch": 597,
        "nonint_index": 3,
        "index_out_of_bounds": 6
      },
      "cost_usd": 0.2215
    },
    {
      "model": "gemma-27b",
      "form": "r2",
      "run": 2,
      "n": 1121,
      "verdict_acc": 0.8974130240856378,
      "verdict_p": 0.6436363636363637,
      "verdict_r": 0.9123711340206185,
      "verdict_f1": 0.7547974413646056,
      "pair_p": 0.3556430446194226,
      "pair_r": 0.33518862090290663,
      "pair_f1": 0.34511302133078636,
      "naming_recall": 0.33518862090290663,
      "pos_given_named": 0.948339483394834,
      "dist_exact_given_named": 0.9372693726937269,
      "dist_w1_given_named": 0.9630996309963099,
      "dist_mae": 0.23431734317343172,
      "parse_ok_rate": 1.0,
      "val_flags": {
        "form_at_index_mismatch": 561,
        "nonint_index": 1
      },
      "cost_usd": 0.2211
    },
    {
      "model": "gemma-27b",
      "form": "r2",
      "run": 3,
      "n": 1121,
      "verdict_acc": 0.8893844781445138,
      "verdict_p": 0.6286764705882353,
      "verdict_r": 0.8814432989690721,
      "verdict_f1": 0.7339055793991416,
      "pair_p": 0.34872824631860777,
      "pair_r": 0.32220160791589364,
      "pair_f1": 0.33494053359048537,
      "naming_recall": 0.32220160791589364,
      "pos_given_named": 0.9692898272552783,
      "dist_exact_given_named": 0.9328214971209213,
      "dist_w1_given_named": 0.9616122840690979,
      "dist_mae": 0.255278310940499,
      "parse_ok_rate": 0.9991079393398751,
      "val_flags": {
        "nonint_index": 3,
        "form_at_index_mismatch": 607,
        "index_out_of_bounds": 5,
        "parse_malformed": 1,
        "no_pairs_field": 1
      },
      "cost_usd": 0.2211
    },
    {
      "model": "gemma-27b",
      "form": "r3",
      "run": 1,
      "n": 1121,
      "verdict_acc": 0.8314005352363961,
      "verdict_p": 0.5074183976261127,
      "verdict_r": 0.8814432989690721,
      "verdict_f1": 0.6440677966101693,
      "pair_p": 0.5116164112703905,
      "pair_r": 0.640074211502783,
      "pair_f1": 0.5686813186813187,
      "naming_recall": 0.640074211502783,
      "pos_given_named": 0.9294685990338164,
      "dist_exact_given_named": 0.9381642512077295,
      "dist_w1_given_named": 0.9864734299516909,
      "dist_mae": 0.13429951690821257,
      "parse_ok_rate": 0.9991079393398751,
      "val_flags": {
        "form_at_index_mismatch": 282,
        "parse_malformed": 1,
        "no_pairs_field": 1,
        "index_out_of_bounds": 10,
        "nonint_index": 3
      },
      "cost_usd": 0.2691
    },
    {
      "model": "gemma-27b",
      "form": "r3",
      "run": 2,
      "n": 1121,
      "verdict_acc": 0.8242640499553969,
      "verdict_p": 0.49557522123893805,
      "verdict_r": 0.865979381443299,
      "verdict_f1": 0.6303939962476548,
      "pair_p": 0.5012212994626283,
      "pair_r": 0.634508348794063,
      "pair_f1": 0.5600436681222707,
      "naming_recall": 0.634508348794063,
      "pos_given_named": 0.9317738791423001,
      "dist_exact_given_named": 0.9317738791423001,
      "dist_w1_given_named": 0.9814814814814815,
      "dist_mae": 0.24171539961013644,
      "parse_ok_rate": 1.0,
      "val_flags": {
        "form_at_index_mismatch": 284,
        "index_out_of_bounds": 15,
        "nonint_index": 2
      },
      "cost_usd": 0.2689
    },
    {
      "model": "gemma-27b",
      "form": "r3",
      "run": 3,
      "n": 1121,
      "verdict_acc": 0.8251561106155219,
      "verdict_p": 0.49707602339181284,
      "verdict_r": 0.8762886597938144,
      "verdict_f1": 0.6343283582089553,
      "pair_p": 0.509765625,
      "pair_r": 0.6456400742115028,
      "pair_f1": 0.5697135061391541,
      "naming_recall": 0.6456400742115028,
      "pos_given_named": 0.9310344827586207,
      "dist_exact_given_named": 0.9329501915708812,
      "dist_w1_given_named": 0.9798850574712644,
      "dist_mae": 0.2672413793103448,
      "parse_ok_rate": 0.9991079393398751,
      "val_flags": {
        "form_at_index_mismatch": 279,
        "parse_malformed": 1,
        "no_pairs_field": 1,
        "index_out_of_bounds": 20,
        "nonint_index": 7
      },
      "cost_usd": 0.2696
    },
    {
      "model": "gemma-27b",
      "form": "r4",
      "run": 1,
      "n": 929,
      "verdict_acc": 0.844994617868676,
      "verdict_p": 0.531496062992126,
      "verdict_r": 0.84375,
      "verdict_f1": 0.6521739130434784,
      "pair_p": 0.5451080050825922,
      "pair_r": 0.6249089584850692,
      "pair_f1": 0.5822870715982356,
      "naming_recall": 0.6249089584850692,
      "pos_given_named": 0.8892773892773893,
      "dist_exact_given_named": 0.9347319347319347,
      "dist_w1_given_named": 0.9790209790209791,
      "dist_mae": 0.21678321678321677,
      "parse_ok_rate": 0.9978471474703983,
      "val_flags": {
        "form_at_index_mismatch": 216,
        "parse_malformed": 2,
        "no_pairs_field": 2,
        "index_out_of_bounds": 3
      },
      "cost_usd": 0.275
    },
    {
      "model": "gemma-27b",
      "form": "r4",
      "run": 2,
      "n": 34,
      "verdict_acc": 0.8529411764705882,